성,이름,이메일 주소,전화번호,휴대전화,회사명
김,남준,kim_nj@example.com,044-682-8149,080-2947-3477,유한회사 가나
이,지은,lee_je@example.com,054-885-6907,090- 390-5419,유한회사 야마다
박,지민,park_jm@example.com,018-312-3973,080-3761-6409,주식회사 ABC
최,한솔,choi_hs@example.com,098-815-2350,090-7386-6921,유한회사 이토
정,대현,jung_dh@example.com,016-230-5328,090-3943-7589,유한회사 moto
강,유미,kang_ym@example.com,070-835-9412,090-8697-2738,주식회사 ABC
조,현빈,cho_hb@example.com,077-448-3511,080- 562-7353,주식회사 nou
윤,정한,yoon_jh@example.com,02-789-9620,090-7439-5574,유한회사 center
장,하리,jang_hr@example.com,057-796- 120,080-8093-2368,유한회사 조이
임,주희,yim_Jh@example.com,047-718-5902,080-5039-9159,주식회사 SMW
한,예진,han_yj@example.com,038-783-9020,080-6958-9217,유한회사 가나
오,나래,oh_nr@example.com,048-508-8311,090-1322-4941,유한회사 야마다
송,은이,euni_song@example.com,084-597-7320,080-9735-3714,주식회사 ABC
류,혜진,hj_ryu@example.com,083-201-2278,080-2177-6128,유한회사 이토
전,정국,jk_jung@example.com,039-373-3234,080-1173-6809,유한회사 moto
홍,지수,js_hong@example.com,089-371-4836,080-9139-5245,주식회사 공등
김,민규,mk_kim@example.com,0 8-616-5170,080-3842-3182,주식회사 nou
문,정혁,jh_moon@example.com,022-409-5816,080-8248-4880,유한회사 center
손,도연,dy_son@example.com,049-392- 511,090- 353- 268,유한회사 조이
엄,지온,jo_yeum@example.com,034-562-2937,080-5187-3316,주식회사 SMW
유,가인,ki_yoo@example.com,050-833-3092,090-3260-8294,유한회사 가나
이,성재,sj_lee@example.com,0 3-230-3923,080-3886-7544,유한회사 야마다
정,세리,seri_jung@example.com,039-591-5829,080-6787-8708,주식회사 ABC
백,동희,donghee_b@example.com,054-148-3769,080-8982-2832,유한회사 이토
유,원영,won_yoo@example.com,011-937-3880,090-4493-1939,유한회사 moto
윤,병규,bk_yoon@example.com,053-191-8118,080-4132-1532,주식회사 공등
민,윤기,yoonki_m@example.com,012-400-8676,090-6474-4616,주식회사 nou
손,지선,jiseon_son@example.com,052-759-4366,080-2959-5097,유한회사 center
김,태형,th_kim@example.com,071-194-7025,090-6802-9312,유한회사 조이
이,승기,sk_lee@example.com,018-910- 995,090-9796-9500,주식회사 SMW
박,정호,jeongho_park@example.com,053-578- 616,080-1331-6664,유한회사 가나다
최,승철,s_choi@example.com,065- 87-5824,080-3781-3666,유한회사 야마다
채,리나,rina_choi@example.com,034-825-6167,090- 340-8877,주식회사 ABC
권,순영,sunyoung_kwon@example.com,030-967-3116,090-2139-6907,유한회사 이토
황,나리,nari_hwang@example.com,0 7-909-8552,080-2503-9920,유한회사 moto
하,세아,se_ah@example.com,092-964-4199,080-5821-8142,주식회사 공등
남,병철,bc_nam@example.com,063- 22-7502,090-2609-6015,주식회사 nou
은,지원,jiwon_eun@example.com,0 8-145-9117,080-8810-3564,유한회사 center
방,보라,bora_b@example.com,098-928-9979,090-7253-9515,유한회사 조이
전,원우,wonu_jeon@example.com,086-408-9471,090- 679-6600,주식회사 SMW
이,현지,hyunji_lee@example.com,038-549-9193,080-3638-1313,유한회사 가나
박,애리,aeri_park@example.com,0 3-167-2187,080-1144-6932,유한회사 야마다
최,승주,seungju_choi@example.com,044-991-9886,080-4746-9013,주식회사 ABC
김,석진,sj_kim@example.com,040-781-3977,080-2765-6134,유한회사 이토
이,만기,manki_lee@example.com,049-492-4490,080-2993-5828,유한회사 moto
장,나라,nara_jang@example.com,098-731-7765,080-2590-4098,주식회사 공등
강,유미,yumi_k@example.com,050-888-4212,080-1770- 622,주식회사 nou
남,정원,jw_nam@example.com,017- 36-5393,080-2950-5265,유한회사 center
노,유진,eugene_noh@example.com,088-476-4205,080-2419- 316,유한회사 조이
문,미진,mijin_moon@example.com,092-121-8034,090-3690-7779,주식회사 SMW